{"generatedAt":"2026-07-23T21:21:12.662Z","divineRate":1300,"historySource":"self","historyAxis":"days since first snapshot","items":[{"id":"grasping-astrolabe","name":"Grasping Astrolabe","chaosValue":50,"divineValue":0.038461538461538464,"change24":900,"change48":4,"change4":525,"change8":900,"change12":900},{"id":"fungal-astrolabe","name":"Fungal Astrolabe","chaosValue":51,"divineValue":0.03923076923076923,"change24":919.9999999999999,"change48":4,"change4":537.5,"change8":919.9999999999999,"change12":919.9999999999999}]}