{"generatedAt":"2026-07-23T21:21:12.662Z","divineRate":1300,"historySource":"self","historyAxis":"days since first snapshot","items":[{"id":"intrinsic-catalyst","name":"Intrinsic Catalyst","chaosValue":3,"divineValue":0.002307692307692308,"change24":-40,"change48":1,"change4":-62.5,"change8":-40,"change12":-40},{"id":"prismatic-catalyst","name":"Prismatic Catalyst","chaosValue":7,"divineValue":0.005384615384615384,"change24":39.99999999999999,"change48":-1,"change4":-12.5,"change8":39.99999999999999,"change12":39.99999999999999}]}