{"generatedAt":"2026-07-23T21:21:12.662Z","divineRate":1300,"historySource":"self","historyAxis":"days since first snapshot","items":[{"id":"breach-scarab-of-the-hive","name":"Breach Scarab of the Hive","chaosValue":10,"divineValue":0.007692307692307693,"change24":100,"change48":2,"change4":25,"change8":100,"change12":100},{"id":"titanic-scarab","name":"Titanic Scarab","chaosValue":11,"divineValue":0.008461538461538461,"change24":120.00000000000001,"change48":2,"change4":37.5,"change8":120.00000000000001,"change12":120.00000000000001}]}